category,channel_url,channel_id
A Man Walks About Describing Things,http://www.youtube.com/@DimeStoreAdventures,UCUMQFUkgaEE68_ujIdW2wAw
A Man Walks About Describing Things,http://www.youtube.com/@TomScottGo,UCBa659QWEk1AI4Tg--mrJ2A
A Man Walks About Describing Things,http://www.youtube.com/@AtomicFrontier,UCbCq5Y0WPGimG2jNXhoQxGw
A Man Walks About Describing Things,http://www.youtube.com/@JayForeman,UCbbQalJ4OaC0oQ0AqRaOJ9g
A Man Walks About Describing Things,http://www.youtube.com/@TheTimTraveller,UC2LVhJH_9cT2XKp0VAfsKOQ
A Man Walks About Describing Things,http://www.youtube.com/@RobWords,UC4a9LfdavRlVMaSSWFdIciA
Math,http://www.youtube.com/@3blue1brown,UCYO_jab_esuFRV4b17AJtAw
Math,http://www.youtube.com/@numberphile,UCoxcjq-8xIDTYp3uz647V5A
Math,http://www.youtube.com/@standupmaths,UCSju5G2aFaWMqn-_0YBtq5A
Math,http://www.youtube.com/@Reducible,UCK8XIGR5kRidIw2fWqwyHRA
Math,http://www.youtube.com/@henryseg,UC4zzTEL5tuIgGMvzjk1Ozbg
Math,http://www.youtube.com/@upandatom,UCSIvk78tK2TiviLQn4fSHaw
Math,http://www.youtube.com/@GeorgeHart-math,UCTl0dASnxto6j2wlVs5Bs2Q
Math,https://www.youtube.com/@tibees,UC52kszkc08-acFOuogFl5jw
Math,https://www.youtube.com/@chalktalkmath/,
Media Commentary,http://www.youtube.com/@RedLetterMedia,UCrTNhL_yO3tPTdQ5XgmmWjA
Media Commentary,http://www.youtube.com/@CaptainDisillusion,UCEOXxzW2vU0P-0THehuIIeg
Media Commentary,http://www.youtube.com/@JennyNicholson,UC7-E5xhZBZdW-8d7V80mzfg
Media Commentary,http://www.youtube.com/@RealVirtualFrog,UCZXAVdAplsu1tFZ9OqQhJFg
Media Commentary,http://www.youtube.com/@any_austin,UCH_7doiCkWeq0v3ycWE5lDw
Media Commentary,http://www.youtube.com/@JillBearup,UCRrvZqCL1YsqRA8IpXrhYQQ
Media Commentary,http://www.youtube.com/@lindybeige,UC9pgQfOXRsp4UKrI8q0zjXQ
Media Commentary,http://www.youtube.com/@LetsGameItOut,UCto7D1L-MiRoOziCXK9uT5Q
Media Commentary,http://www.youtube.com/@DougDoug,UClyGlKOhDUooPJFy4v_mqPg
Media Commentary,http://www.youtube.com/@Danny-Gonzalez,UCSUf5_EPEfl4zlBKZHkZdmw
Media Commentary,http://www.youtube.com/@drewisgooden,UCTSRIY3GLFYIpkR2QwyeklA
Food and Cookery,http://www.youtube.com/@aragusea,UC9_p50tH3WmMslWRWKnM7dQ
Food and Cookery,http://www.youtube.com/@TastingHistory,UCsaGKqPZnGp_7N80hcHySGQ
Food and Cookery,http://www.youtube.com/@babishculinaryuniverse,UCJHA_jMfCvEnv-3kRjTCQXw
Food and Cookery,http://www.youtube.com/@foodwishes,UCRIZtPl9nb9RiXc9btSTQNw
Food and Cookery,http://www.youtube.com/@OrdinarySausage,UCJLKwTg0IaSMoq6hLHT3CAA
Food and Cookery,http://www.youtube.com/@townsends,UCxr2d4As312LulcajAkKJYw
Making Terrible Things,https://www.youtube.com/@williamosman,UCfMJ2MchTSW2kWaT0kK94Yw
The Fan Fandom,http://www.youtube.com/@matthiasrandomstuff2221,UC3_AWXcf2K3l9ILVuQe-XwQ
The Fan Fandom,http://www.youtube.com/@MajorHardware,UCUXW4gT27TOaDzKFyN-1tXQ
The Fan Fandom,http://www.youtube.com/@ThinkingandTinkering,UC4AkVj-qnJxNtKuz3rkq16A
The Fan Fandom,http://www.youtube.com/@TnTOmnibus,UC1E8OmOG17VckoPviOPmkMw
The Fan Fandom,http://www.youtube.com/@bigclivedotcom,UCtM5z2gkrGRuWd0JQMx76qA
The Fan Fandom,http://www.youtube.com/@PlasmaChannel,UCg45A-ph7Eu8jQgfrwDkHLg
Knick Knacks and Thingamajigs,http://www.youtube.com/@ObjectivityVideos,UCtwKon9qMt5YLVgQt1tvJKg
Knick Knacks and Thingamajigs,http://www.youtube.com/@ashens,UCxt9Pvye-9x_AIcb1UtmF1Q
Knick Knacks and Thingamajigs,http://www.youtube.com/@grandillusions,UCnmgSO_4g6QcRzy0yFeglyA
Knick Knacks and Thingamajigs,http://www.youtube.com/@JJMcCullough,UCyhOl6uRlxryALlT5yifldw
Knick Knacks and Thingamajigs,http://www.youtube.com/@PosyMusic,UCmEmX_jw_pRp5UbAdzkZq-g
Knick Knacks and Thingamajigs,http://www.youtube.com/@lazyposy,UCfZwJg0C0P-xX7BicmwVKqw
Knick Knacks and Thingamajigs,http://www.youtube.com/@mitxela,UCeEf90AEmmxaQs5BUkHqR3Q
Knick Knacks and Thingamajigs,http://www.youtube.com/@ObjectHistory,UC7hlBf8aKs1OFNWEdWsveFA
Knick Knacks and Thingamajigs,http://www.youtube.com/@DankPods,UC7Jwj9fkrf1adN4fMmTkpug
Knick Knacks and Thingamajigs,http://www.youtube.com/@Games_for_James,UCx6cailiCkg_mlMM7JX5yfA
Knick Knacks and Thingamajigs,http://www.youtube.com/@Techmoan,UC5I2hjZYiW9gZPVkvzM8_Cw
Knick Knacks and Thingamajigs,http://www.youtube.com/@TechnologyConnections,UCy0tKL1T7wFoYcxCe0xjN6Q
missingtest,http://www.youtube.com/@AllyHills,
Misc Science Commentary,https://www.youtube.com/@StarTalk,UCqoAEDirJPjEUFcF2FklnBA
Misc Science Commentary,http://www.youtube.com/@astropro1,UCDW13ycIiHcl4QVN-YwVy0w
Misc Science Commentary,http://www.youtube.com/@astrumspace,UC-9b7aDP6ZN0coj9-xFnrtw
Misc Science Commentary,http://www.youtube.com/@pbsspacetime,UC7_gcs09iThXybpVgjHZ_7g
Misc Science Commentary,http://www.youtube.com/@whatdamath,UCciQ8wFcVoIIMi-lfu8-cjQ
Misc Science Commentary,http://www.youtube.com/@AmyShiraTeitel,UCw95T_TgbGHhTml4xZ9yIqg
Misc Science Commentary,http://www.youtube.com/@acollierastro,UCtscFf8VayggrDYjOwDke_Q
Misc Science Commentary,http://www.youtube.com/@MinuteEarth,UCeiYXex_fwgYDonaTcSIk6w
Misc Science Commentary,http://www.youtube.com/@veritasium,UCHnyfMqiRRG1u-2MsSQLbXA
Misc Science Commentary,http://www.youtube.com/@PracticalEngineeringChannel,UCMOqf8ab-42UUQIdVoKwjlQ
Misc Science Commentary,http://www.youtube.com/@smartereveryday,UC6107grRI4m0o2-emgoDnAA
Misc Science Commentary,http://www.youtube.com/@SteveMould,UCEIwxahdLz7bap-VDs9h35A
Misc Science Commentary,http://www.youtube.com/@engineerguyvideo,UC2bkHVIDjXS7sgrgjFtzOXQ
Misc Science Commentary,http://www.youtube.com/@SabineHossenfelder,UC1yNl2E66ZzKApQdRuTQ4tw
Misc Science Commentary,http://www.youtube.com/@MinutePhysics,UCUHW94eEFW7hkUMVaZz4eDg
Misc Science Commentary,http://www.youtube.com/@physicsforthebirds,UCeXksuVW8H1x9v4gh7DWoyQ
Misc Science Commentary,http://www.youtube.com/@periodicvideos,UCtESv1e7ntJaLJYKIO1FoYw
Misc Science Commentary,http://www.youtube.com/@Thoisoi2,UC3j3w-oUtIAm_KI857ydvUA
Misc Science Commentary,http://www.youtube.com/@illinoisenergyprof6878,UCKH_iLhhkTyt8Dk4dmeCQ9w
Misc Science Commentary,http://www.youtube.com/@CGPGrey,UC2C_jShtL725hvbm1arSV9w
Misc Science Commentary,http://www.youtube.com/@kylehill,UCFbtcTaMFnOAP0pFO1L8hVw
Misc Science Commentary,http://www.youtube.com/@TheActionLab,UC1VLQPn9cYSqx8plbk9RxxQ
Misc Science Commentary,http://www.youtube.com/@TheDoctorsBjorkman,UCKwQjav6uPCFPIDL6SXjNqQ
Misc Science Commentary,http://www.youtube.com/@econimate,UCV7OupzIpYe9oIn_QSlyfJw
Misc Science Commentary,http://www.youtube.com/@KieranBorovac,UCWul-fy84WOBE_YMcw7uJ9w
Misc Science Commentary,http://www.youtube.com/@BennJordan,UCshObcm-nLhbu8MY50EZ5Ng
Misc Science Commentary,http://www.youtube.com/@AlphaPhoenixChannel,UCCWeRTgd79JL0ilH0ZywSJA
Misc Science Commentary,http://www.youtube.com/@sirrandalot,UCNq1BjOvgnPx596ddBE3wZQ
Misc Science Commentary,http://www.youtube.com/@MoneyMacro,UCCKpicnIwBP3VPxBAZWDeNA
Misc Science Commentary,http://www.youtube.com/@TheEconomist,UC0p5jTq6Xx_DosDFxVXnWaQ
Misc Science Commentary,http://www.youtube.com/@Physics4Life,UCHa0gEhM-eCT6a0B1w_ZVrw
Misc Science Commentary,http://www.youtube.com/@ibx2cat,UCJVnko6tQ56PYB5BNNChPGg
Misc Science Commentary,https://www.youtube.com/@FractalPhilosophy,
Comedy and the Like,https://www.youtube.com/@JoePeraComedy/,UCfBAKxelvdN2XDFBcofx7Dg
Comedy and the Like,http://www.youtube.com/@JennaMarbles,UC9gFih9rw0zNCK3ZtoKQQyA
Comedy and the Like,http://www.youtube.com/@TheAuntyDonnaChannel,UC_mneEC0wc29EGGmIsN_xLA
Comedy and the Like,http://www.youtube.com/@TheDragonsTomb,UC3izYCSBcfi2LfdIr-qg0gQ
Comedy and the Like,http://www.youtube.com/@TheAlexErnstShow,UCWk68Uw6V990fjnTbcOHeoA
Comedy and the Like,http://www.youtube.com/@billwurtz,UCq6aw03lNILzV96UvEAASfQ
Comedy and the Like,http://www.youtube.com/@RyansShorts,UC6yeqgmyqhDyMPzE4wwxQig
Comedy and the Like,http://www.youtube.com/@briandavidgilbert,UCakAg8hC_RFJm4RI3DlD7SA
Comedy and the Like,http://www.youtube.com/@Lord_Vinheteiro,UCSE6yilNScIz1SLTNQvrXMw
Comedy and the Like,http://www.youtube.com/@Mattiaskrantz,UCEgm-3RvRn4nCR-fGGVsfdQ
Comedy and the Like,http://www.youtube.com/@SethEverman,UCoNRSwYHJdy-yV1b82ZdHfQ
Comedy and the Like,https://www.youtube.com/@SaturdayNightLive,UCqFzWxSCi39LnW1JKFR3efg
Animals and Biology,http://www.youtube.com/@BenGThomas,UCDSzwZqgtJEnUzacq3ddoOQ
Animals and Biology,http://www.youtube.com/@TREYtheExplainer,UCOuWeOkMrq84u5LY6apWQ8Q
Animals and Biology,http://www.youtube.com/@eons,UCzR-rom72PHN9Zg7RML9EbA
Animals and Biology,http://www.youtube.com/@TierZoo,UCHsRtomD4twRf5WVHHk-cMw
Animals and Biology,http://www.youtube.com/@SallyLePage,UC9AUeAvdEVJfyS9rd9pvp8g
Animals and Biology,http://www.youtube.com/@zefrank,UCVpankR4HtoAVtYnFDUieYA
Animals and Biology,http://www.youtube.com/@KQEDDeepLook,UC-3SbfTPJsL8fJAPKiVqBLg
Animals and Biology,http://www.youtube.com/@EVNautilus,UC1KOOWHthbQVXH2kZue3_xA
Animals and Biology,http://www.youtube.com/@BizarreBeasts,UC9Lp_AA5M2cMGrlvnnIns-g
Animals and Biology,http://www.youtube.com/@cmkosemen,UCMy7mRjghOxB8h3nv60SU4w
Animals and Biology,http://www.youtube.com/@HistoryoftheEarth,UC_aOteuWIY8ITg7DQQspG1g
Animals and Biology,http://www.youtube.com/@ClintsReptiles,UCH18915fTE6yZzKrqdea8RQ
Animals and Biology,http://www.youtube.com/@AronRa,UCAJfDidJyukTekgSRZrjadw
Animals and Biology,http://www.youtube.com/@journeytomicro,UCBbnbBWJtwsf0jLGUwX5Q3g
Animals and Biology,http://www.youtube.com/@Phrenotopia,UCO-8Osf4S3N0m7u1NivTfeg
Animals and Biology,http://www.youtube.com/@octolabtv1168,UCNo_xQ7NvTr31naPAcjQWjg
Animals and Biology,http://www.youtube.com/@KOTARO_OTTER,UCDYyCQAk60CqabvkL5gU3Mw
Animals and Biology,http://www.youtube.com/@NinjaFrog777,UCrJH2Wy7PmCiitXKJ21yh4w
Animals and Biology,http://www.youtube.com/@cruiser1228,UCWIxPuO_0emPbma8UlOc3JQ
Animals and Biology,http://www.youtube.com/@cherylb4420,UCpjhDz9Sqn-6h1ZwtvUiA2g
Animals and Biology,http://www.youtube.com/@Mr.Frog.,UCWUH_hdDfzi98i3clGbh_Ww
Animals and Biology,http://www.youtube.com/@HomuraHam,UCKwcMBhbzQXgSM1T3TvHmiA
Animals and Biology,http://www.youtube.com/@TheUrbanRescueRanch,UCv3mh2P-q3UCtR9-2q8B-ZA
Animals and Biology,http://www.youtube.com/@LOUTRE,UCz6yuUg6N0iRiFhCLmXrNJQ
Animals and Biology,http://www.youtube.com/@Bradybrandwood,UCj2Eeg01Mn5WmcXxt695fUg
Animals and Biology,http://www.youtube.com/@FOBBVCAM,UCsFgbVuhRrPV5FqyN7kOD8g
Animals and Biology,http://www.youtube.com/@wrinkletheduck,UCPPjuJTt9jiOZNHScvEmvRg
Animals and Biology,http://www.youtube.com/@ApolloandFrens,UCnUdaxbBMPQ9o9KVz7Oa6eQ
Animals and Biology,http://www.youtube.com/@davidmbird,UC6q7I1DD2Jv5Ur9UEIavIrA
Animals and Biology,http://www.youtube.com/@LesleytheBirdNerd,UCDjdXwT-KrFPsqOSg4KL8Nw
Animals and Biology,http://www.youtube.com/@MyBackyardBirding,UCcNyzOCKvyMBaA4iQVgO9EQ
Animals and Biology,https://www.youtube.com/@OctopusLady,
Making Things of Various Sorts,http://www.youtube.com/@StuffMadeHere,UCj1VqrHhDte54oLgPG4xpuQ
Making Things of Various Sorts,http://www.youtube.com/@NileRed,UCFhXFikryT4aFcLkLw2LBLA
Making Things of Various Sorts,http://www.youtube.com/@thethoughtemporium,UCV5vCi3jPJdURZwAOO_FNfQ
Making Things of Various Sorts,http://www.youtube.com/@tom7,UC3azLjQuz9s5qk76KEXaTvA
Making Things of Various Sorts,http://www.youtube.com/@tomwildenhain,UCgO8vdeWcywARd99Od-H_8A
Making Things of Various Sorts,http://www.youtube.com/@kiwami-japan,UCg3qsVzHeUt5_cPpcRtoaJQ
Making Things of Various Sorts,http://www.youtube.com/@LabCoatz_Science,UCcT_WBynr2K8nANsVrR8BYw
Making Things of Various Sorts,http://www.youtube.com/@Nighthawkinlight,UCFtc3XdXgLFwhlDajMGK69w
Making Things of Various Sorts,http://www.youtube.com/@AppliedScience,UCivA7_KLKWo43tFcCkFvydw
Making Things of Various Sorts,http://www.youtube.com/@MichaelReeves,UCtHaxi4GTYDpJgMSGy7AeSw
Making Things of Various Sorts,http://www.youtube.com/@williamosman,UCfMJ2MchTSW2kWaT0kK94Yw
Making Things of Various Sorts,http://www.youtube.com/@styropyro,UCJYJgj7rzsn0vdR7fkgjuIA
Making Things of Various Sorts,http://www.youtube.com/@WilliamOsman2,UCbguawtJlHjxXzdAskubQVg
Making Things of Various Sorts,http://www.youtube.com/@allenpan,UCVS89U86PwqzNkK2qYNbk5A
Making Things of Various Sorts,http://www.youtube.com/@Ididathing,UCJLZe_NoiG0hT7QCX_9vmqw
Making Things of Various Sorts,http://www.youtube.com/@ElectroBOOM,UCJ0-OtVpF0wOKEqT2Z1HEtA
Making Things of Various Sorts,http://www.youtube.com/@Glarses,UCFtOX-21N1earf-K58C7HjQ
Making Things of Various Sorts,http://www.youtube.com/@ExtractionsAndIre,UCvFApMFo_AafXbHRyEJefjA
Making Things of Various Sorts,http://www.youtube.com/@ExplosionsAndFire,UCVovvq34gd0ps5cVYNZrc7A
Making Things of Various Sorts,http://www.youtube.com/@NileRed2,UCA0mlN90EHCizvo101nbr-g
Making Things of Various Sorts,http://www.youtube.com/@NileBlue,UC1D3yD4wlPMico0dss264XA
Making Things of Various Sorts,http://www.youtube.com/@PyrotechnicalScience,UC1_kuFbEBdHtf7_c2wIdNVg
Making Things of Various Sorts,http://www.youtube.com/@EmilyTheEngineer,UC_4YBM08hcpJqLl3vvgTqXg
Making Things of Various Sorts,http://www.youtube.com/@IanHubert2,UCbmxZRQk-X0p-TOxd6PEYJA
Making Things of Various Sorts,http://www.youtube.com/@SebastianLague,UCmtyQOKKmrMVaKuRXz02jbQ
Making Things of Various Sorts,http://www.youtube.com/@KazeN64,UCuvSqzfO_LV_QzHdmEj84SQ
Making Things of Various Sorts,http://www.youtube.com/@KazeClips,UCiIHJurLcZu5wzUBtTNqtvw
Making Things of Various Sorts,http://www.youtube.com/@Junferno,UCRb6Mw3fJ6OFzp-cB9X29aA
Making Things of Various Sorts,http://www.youtube.com/@ZenoRogue,UCfCtbgiDxwFtlqrbEralvTw
Making Things of Various Sorts,http://www.youtube.com/@CodeParade,UCrv269YwJzuZL3dH5PCgxUw
Making Things of Various Sorts,http://www.youtube.com/@InkboxSoftware,UCBciYThS5hOiuQ4aOxw4hHg
Making Things of Various Sorts,http://www.youtube.com/@TodePond,//UCaXh9z3or5QbM0HPGen2Quw
Making Things of Various Sorts,http://www.youtube.com/@Jam2go,UClSfrg5hVNhIlwv7hEmVD2g
Making Things of Various Sorts,http://www.youtube.com/@carykh,UC9z7EZAbkphEMg0SP7rw44A
Making Things of Various Sorts,http://www.youtube.com/@JohnNelsonMaps,UCpdwmy5JTFNUkKknxHH9Dsg
Making Things of Various Sorts,http://www.youtube.com/@Acerola_t,UCQG40havu4kNpB4pxUDQhYQ
Making Things of Various Sorts,http://www.youtube.com/@marcevanstein,UC0AJ676UuHdQ0zshDEkyfTA
Making Things of Various Sorts,http://www.youtube.com/@GoodInventions,UCoQBtJ24OUqB4O285xp9ZrQ
Making Things of Various Sorts,http://www.youtube.com/@UnnecessaryInventions,UCB4NFn-8oipHct0IfAQBQrQ
Making Things of Various Sorts,http://www.youtube.com/@pocket83,UCoCEoPxruw9HW58O-l3ttDQ
Making Things of Various Sorts,http://www.youtube.com/@hedronrockworks,UCXgpaZxObvROehgpRAmg0SQ
Making Things of Various Sorts,http://www.youtube.com/@theCodyReeder,UCu6mSoMNzHQiBIOCkHUa2Aw
Making Things of Various Sorts,http://www.youtube.com/@htme,UCfIqCzQJXvYj9ssCoHq327g
Making Things of Various Sorts,http://www.youtube.com/@barnabydixon,UCxseO_JzIiiJENauW2RmcJQ
Making Things of Various Sorts,https://www.youtube.com/@Wintergatan,UCcXhhVwCT6_WqjkEniejRJQ
Making Things of Various Sorts,http://www.youtube.com/@peter_knetter,UCNMyoMaXJZITZaRKCz7G23Q
Making Things of Various Sorts,http://www.youtube.com/@simonegiertz,UC3KEoMzNz8eYnwBC34RaKCQ
Making Things of Various Sorts,https://www.youtube.com/@Slingshotchannel,UCVZlxkKqlvVqzRJXhAGq42Q
Making Things of Various Sorts,https://www.youtube.com/@Iliketomakestuff,UC6x7GwJxuoABSosgVXDYtTw
Boardgames,https://www.youtube.com/@actualol,UCO-hn9MJOu7pOUdGSabKGvA
Boardgames,https://www.youtube.com/@ShutUpandSitDown,UCyRhIGDUKdIOw07Pd8pHxCw
Boardgames,https://www.youtube.com/@TheDiceTower,UCiwBbXQlljGjKtKhcdMliRA
Boardgames,https://www.youtube.com/@TolarianCommunityCollege,UC7-hR5EfgpM6oHfiGDkxfMA
Boardgames,https://www.youtube.com/@kamsandwich,UC2buJRIGgvkpMpaaCyaIqGA
Boardgames,https://www.youtube.com/@marcoomnigamer,UCqjObEZh6BQw2xpgMjPZ7qg
Boardgames,https://www.youtube.com/@Wedelvedeeply,UCQIfzjNGMhdzbHzJQ2jh-lQ
Boardgames,http://www.youtube.com/@jackredathewarp,UCmJ6GCpVC6v_cXXIBatFlsw
Boardgames,http://www.youtube.com/@Shelfside,UCtT0CIZIXLMlPdQVwmI6RjA
Boardgames,http://www.youtube.com/@QuestingBeast,UCvYwePdbWSEwUa-Pk02u3Zw
Fictional Content,http://www.youtube.com/@WorldbuildingNotes,UCncTjqw75krp9j_wRRh5Gvw
Fictional Content,http://www.youtube.com/@Worthikids,UCxXu9tCU63mF1ntk89XPkzA
Fictional Content,http://www.youtube.com/@homestarrunnerdotcom,UCMkbjxvwur30YrFWw8kpSaw
Fictional Content,http://www.youtube.com/@monlenz,UCZdrTo_md37z3iogKYrVgCw
Fictional Content,https://www.youtube.com/@TalesofAlethrion,UCwuALck_lp7LxzQcoskRjbQ
