category,channel_url,channel_id,author,title,video_id,date
foo,https://www.youtube.com/@williamosman,UCfMJ2MchTSW2kWaT0kK94Yw,William Osman,I Turned 1-Star Toys into Military Nightmares,YvIMIUYju1w,2024-05-28T21:22:12+00:00
foo,https://www.youtube.com/@StarTalk,UCqoAEDirJPjEUFcF2FklnBA,StarTalk,The Politicization of Climate ðŸŒ€,ekSQN_dqdO4,2025-02-06T23:00:38+00:00
bar,https://www.youtube.com/@JoePeraComedy/,UCfBAKxelvdN2XDFBcofx7Dg,Joe Pera,Want to fall asleep in the library? New sleep podcast episode out now to do just that.,Uta1_stG0vI,2025-02-03T17:32:25+00:00
A Man Walks About Describing Things,http://www.youtube.com/@DimeStoreAdventures,UCUMQFUkgaEE68_ujIdW2wAw,Dime Store Adventures,A Boy & His 1920â€™s Antique Postcard Projector,Jpvt6RmEWr4,2025-02-07T22:19:51+00:00
A Man Walks About Describing Things,http://www.youtube.com/@TomScottGo,UCBa659QWEk1AI4Tg--mrJ2A,Tom Scott,"After ten years, it's time to stop weekly videos.",7DKv5H5Frt0,2024-01-01T16:00:06+00:00
A Man Walks About Describing Things,http://www.youtube.com/@AtomicFrontier,UCbCq5Y0WPGimG2jNXhoQxGw,Atomic Frontier,Industrial robots are (nearly) perfect,8gy6ZvIDtbU,2025-01-25T12:00:10+00:00
A Man Walks About Describing Things,http://www.youtube.com/@JayForeman,UCbbQalJ4OaC0oQ0AqRaOJ9g,Jay Foreman,Map Men vs. Geoguessr,zDsqJTD5LL0,2024-10-13T13:20:09+00:00
A Man Walks About Describing Things,http://www.youtube.com/@TheTimTraveller,UC2LVhJH_9cT2XKp0VAfsKOQ,The Tim Traveller,The Town Where People Literally Live Under A Rock,ADodh482ZDY,2025-02-03T19:15:19+00:00
A Man Walks About Describing Things,http://www.youtube.com/@RobWords,UC4a9LfdavRlVMaSSWFdIciA,RobWords,Grammar rules you can stop sticking to,BccyQaNKXz8,2025-02-01T14:00:13+00:00
Math,http://www.youtube.com/@3blue1brown,UCYO_jab_esuFRV4b17AJtAw,3Blue1Brown,The topology of two-note chords,K-pGGb0f3tc,2025-01-30T15:00:25+00:00
Math,http://www.youtube.com/@numberphile,UCoxcjq-8xIDTYp3uz647V5A,Numberphile,"Shakespeare, Numbers, and Chronograms - Numberphile",ERAgUg-e_Qs,2025-02-05T16:34:41+00:00
Math,http://www.youtube.com/@standupmaths,UCSju5G2aFaWMqn-_0YBtq5A,Stand-up Maths,I walked the length of a state (ish),h6ws1znxvF4,2025-02-01T19:07:39+00:00
Math,http://www.youtube.com/@Reducible,UCK8XIGR5kRidIw2fWqwyHRA,Reducible,A* Search: How Your Map Applications Find Shortest Routes,88I6IidylGc,2024-07-27T01:04:19+00:00
Math,http://www.youtube.com/@henryseg,UC4zzTEL5tuIgGMvzjk1Ozbg,Henry Segerman,Geared icosahedron net,EP8KJvk_p_g,2024-12-23T15:35:00+00:00
Math,http://www.youtube.com/@upandatom,UCSIvk78tK2TiviLQn4fSHaw,Up and Atom,Amateurs Just Solved a 30-Year-Old Math Problem,pQWFSj1CXeg,2025-02-05T12:02:31+00:00
Media Commentary,http://www.youtube.com/@RedLetterMedia,UCrTNhL_yO3tPTdQ5XgmmWjA,RedLetterMedia,ANOTHER Gremlins 3 Pitch!!!,iKSemmbDAp8,2025-02-05T18:42:34+00:00
Media Commentary,http://www.youtube.com/@CaptainDisillusion,UCEOXxzW2vU0P-0THehuIIeg,Captain Disillusion,something funny right now,aGDSt5XF02I,2024-12-29T05:00:36+00:00
Media Commentary,http://www.youtube.com/@JennyNicholson,UC7-E5xhZBZdW-8d7V80mzfg,Jenny Nicholson,The Spectacular Failure of the Star Wars Hotel,T0CpOYZZZW4,2024-05-18T23:38:48+00:00
Media Commentary,http://www.youtube.com/@RealVirtualFrog,UCZXAVdAplsu1tFZ9OqQhJFg,Virtual Frog,Unique Game Reviews COMBINED [2024] - (3 Episodes),c_N53EhbP7w,2025-01-06T20:00:15+00:00
Media Commentary,http://www.youtube.com/@any_austin,UCH_7doiCkWeq0v3ycWE5lDw,Any Austin,Red Dead Redemption 2 vs. A Tiny CRT,x_tohNLvkxk,2025-01-27T17:08:06+00:00
Media Commentary,http://www.youtube.com/@JillBearup,UCRrvZqCL1YsqRA8IpXrhYQQ,Jill Bearup,"Not ðŸ”¥RagebaitðŸ”¥, Just Algebra",jF-TNZ9RVKk,2025-02-07T10:44:16+00:00
Media Commentary,http://www.youtube.com/@lindybeige,UC9pgQfOXRsp4UKrI8q0zjXQ,Lindybeige,When was Britain's last war with France?  How did it start?,Vr6R3Dh9Hws,2025-01-25T05:12:12+00:00
Food and Cookery,http://www.youtube.com/@aragusea,UC9_p50tH3WmMslWRWKnM7dQ,Adam Ragusea,Why charcoal is the first great cooking fuel,BRAyG0QrNA0,2025-02-06T19:00:07+00:00
Food and Cookery,http://www.youtube.com/@TastingHistory,UCsaGKqPZnGp_7N80hcHySGQ,Tasting History with Max Miller,Making Hot Chocolate from 1747,v3D40uXCXtA,2025-02-07T15:01:24+00:00
Food and Cookery,http://www.youtube.com/@babishculinaryuniverse,UCJHA_jMfCvEnv-3kRjTCQXw,Babish Culinary Universe,The World's Best Pork Chops (Tonkatsu) | Basics with Babish,vlEGY8IPD-Q,2025-02-06T15:30:19+00:00
Food and Cookery,http://www.youtube.com/@foodwishes,UCRIZtPl9nb9RiXc9btSTQNw,Food Wishes,Mississippi Pot Roast Cheesesteak | Super Bowl Special | Food Wishes,uJ916qAgkWw,2025-02-07T18:11:31+00:00
Food and Cookery,http://www.youtube.com/@OrdinarySausage,UCJLKwTg0IaSMoq6hLHT3CAA,Ordinary Sausage,Sprats Sausage,aIo7LwCTue4,2025-02-07T18:15:00+00:00
Food and Cookery,http://www.youtube.com/@townsends,UCxr2d4As312LulcajAkKJYw,Townsends,Portable Soup and Survival Superfoods -Live In The Nutmeg Tavern,VOyNsjZkqIA,2025-02-07T22:06:34+00:00
The Fan Fandom,http://www.youtube.com/@matthiasrandomstuff2221,UC3_AWXcf2K3l9ILVuQe-XwQ,Matthias random stuff,"Servo vs steppers: Speed, Torque and Accuracy",H-nO1F-AO9I,2025-01-14T13:52:31+00:00
The Fan Fandom,http://www.youtube.com/@MajorHardware,UCUXW4gT27TOaDzKFyN-1tXQ,Major Hardware,The 3D Printer That Broke Me: My 10-Month Battle with the Elegoo OrangeStorm Giga,xAPw2INpqJw,2025-01-18T13:49:12+00:00
The Fan Fandom,http://www.youtube.com/@ThinkingandTinkering,UC4AkVj-qnJxNtKuz3rkq16A,Robert Murray-Smith,2341 Something Different With A 3D Printer - Cyanotypes And Tea,GluNgAFQVkY,2025-02-07T16:00:16+00:00
The Fan Fandom,http://www.youtube.com/@TnTOmnibus,UC1E8OmOG17VckoPviOPmkMw,TNT Omnibus,Man In A Shed Episode 10 - The Vortex Wind Turbine Omnibus,5sQY6vM6_gk,2024-12-12T16:59:40+00:00
The Fan Fandom,http://www.youtube.com/@bigclivedotcom,UCtM5z2gkrGRuWd0JQMx76qA,bigclivedotcom,Exploring a generic spiral LED light - with schematic,olDILx9lyRs,2025-02-07T13:09:24+00:00
The Fan Fandom,http://www.youtube.com/@PlasmaChannel,UCg45A-ph7Eu8jQgfrwDkHLg,Plasma Channel,Magical Power of the Wimshurst Machine,lFzfaOayHLk,2025-01-31T21:00:38+00:00
Knick Knacks and Thingamajigs,http://www.youtube.com/@ObjectivityVideos,UCtwKon9qMt5YLVgQt1tvJKg,Objectivity,The Storm Predictor (feat. Steve Mould) - Objectivity 293,cRhDClIs8XE,2025-01-16T14:40:19+00:00
Knick Knacks and Thingamajigs,http://www.youtube.com/@ashens,UCxt9Pvye-9x_AIcb1UtmF1Q,ashens,Ashens Christmas Special 2024,2YUvYk8Dr2w,2024-12-20T14:00:02+00:00
Knick Knacks and Thingamajigs,http://www.youtube.com/@grandillusions,UCnmgSO_4g6QcRzy0yFeglyA,Grand Illusions,I'm Gonna Sit Right Down -,I_i_J93iSyw,2025-02-07T12:00:33+00:00
Knick Knacks and Thingamajigs,http://www.youtube.com/@JJMcCullough,UCyhOl6uRlxryALlT5yifldw,J.J. McCullough,American culture references in Balatro,aiZyzkK1nRc,2025-02-01T19:31:47+00:00
Knick Knacks and Thingamajigs,http://www.youtube.com/@PosyMusic,UCmEmX_jw_pRp5UbAdzkZq-g,Posy,Space Hifi,vySNYE-hWmI,2025-02-01T10:52:43+00:00
Knick Knacks and Thingamajigs,http://www.youtube.com/@lazyposy,UCfZwJg0C0P-xX7BicmwVKqw,Lazy Posy,Capturing analog footage...,S1ndneq38xY,2024-12-14T11:00:24+00:00
Knick Knacks and Thingamajigs,http://www.youtube.com/@mitxela,UCeEf90AEmmxaQs5BUkHqR3Q,mitxela,Fluid Simulation Pendant,jis1MC5Tm8k,2025-01-13T13:15:26+00:00
Knick Knacks and Thingamajigs,http://www.youtube.com/@ObjectHistory,UC7hlBf8aKs1OFNWEdWsveFA,Object History,Trench club vs red brick #martialarts #worldwar1 #weapons,E6hcVGZFZiw,2025-02-07T20:14:28+00:00
Knick Knacks and Thingamajigs,http://www.youtube.com/@DankPods,UC7Jwj9fkrf1adN4fMmTkpug,DankPods,The Dick Smith Dick-A-Thon.,TR-2eQ17IF8,2025-02-02T21:22:08+00:00
Knick Knacks and Thingamajigs,http://www.youtube.com/@Games_for_James,UCx6cailiCkg_mlMM7JX5yfA,James Channel,The Apple Gaming Console*,LlZkD3bbfM4,2025-01-30T19:30:03+00:00
Knick Knacks and Thingamajigs,http://www.youtube.com/@Techmoan,UC5I2hjZYiW9gZPVkvzM8_Cw,Techmoan,MP3 to Cassette - Mixxed feelings,qzrLWnfI4b0,2025-02-01T10:03:57+00:00
